Topic, Multiprocessing , Nearest Neighbors , BD & Cloud Solutions , Multi Processing , Industry 4 0 , Monte Carlo , Database , Machine Translation , Knowledge Representation , AWS , Language Modeling , Supercomputers , Classification , Semi Supervised Learning , Unmanned Vehicle , Meta Learning , Self Supervised Learning , Unmanned Spacecraft , Decentralized Computing , SVM , Trees , Sentiment Analysis , Regression , Multi-layer perceptron , Cyber Infrastructure , Pose Estimation , Auto Encoder , NLP , Automated Reasoning , Bert , Unsupervised Learning , Chatbot , Generative Adversarial Network , Audio Classification , Transformers & Attention , Autoencoder , Grid Computing , Text Classification , Clouds , Kernel Machine , 3D Print , Topic Modeling , RDBMS & SQL , Information Retrieval , Mobile Robots , Dynamic Programming , Encoder Decoder , Deep Learning , Neuromorphic Computing , Data Storage , Convolutional Networks , Image Recognition , Reinforcement Learning , Face Detection , Distributed Computing , Bayesian Inference , Distributed File System , Optimization Algorithm , Parallel Processing , RNN , Voice Recognition , Markov , Feature Engineering , Back-propagation , Cluster Computing , Data Center , Semantic Search , Boosting , Robots , Genetic Algorithm , Pattern Recognition , Search Algorithm , Humanoid Robots , Gesture Recognition , Data Intensive Computing , Dimensionality Reduction , Dynamic Cloud , UAM , Clustering , Image Classification , Statistical Learning , Transfer Learning , Object Recognition , Feature Extraction , Expert System , Ensemble Modeling , Robotics , AI , Text Generation , NRDBMS & NoSQL , Hardware Acceleration , Bayesian Machine Learning , Machine Learning , Quantum Computing , AUV , PaaS , Big Data , SaaS , Supervised Learning , Optical Computing , Manipulator , High Performance Computing , Boltzmann Machine , Computer Vision , Loss Functions , Data Science , IaaS , Data Mining , GPU , Image Segmentation , UGV , Entity Recognition , Loss Function 
 Multiprocessing ,0,0,0,0,0,0,0,0,0,0,0,0,0,0,0,0,0,0,0,0,0,0,0,0,0,0,0,0,0,0,0,0,0,0,0,0,0,0,0,0,0,0,0,0,0,0,0,0,0,0,0,0,0,0,0,0,0,0,0,0,0,0,0,0,0,0,0,0,0,0,0,0,0,0,0,0,0,0,0,0,0,0,1,0,0,0,0,1,0,0,0,0,0,0,0,0,0,0,0,0,0,0,0,0,0,0,0,0,0,0,0,0,0
 Nearest Neighbors ,0,0,0,0,0,0,4,0,0,0,0,0,26,1,0,0,0,0,0,20,2,0,5,4,0,0,0,0,0,0,0,0,0,0,0,0,0,0,0,0,0,0,0,0,0,0,0,0,0,0,0,0,0,0,0,0,0,0,0,0,1,0,0,3,0,0,0,0,1,0,6,1,0,1,0,3,0,0,1,4,0,0,0,9,0,0,0,17,0,0,0,0,7,0,0,0,1,0,3,0,0,0,0,0,1,0,0,1,0,2,0,0,1
 BD & Cloud Solutions ,0,0,0,0,0,1,13,1,0,2,0,1,4,0,0,0,0,0,0,2,0,0,2,0,1,0,0,1,0,0,0,0,0,0,0,0,3,1,60,0,0,0,5,2,0,0,0,0,0,3,0,0,2,1,10,0,4,0,3,1,1,0,0,0,1,11,0,0,0,3,1,0,0,0,2,0,1,1,4,0,2,0,0,0,0,0,1,7,0,3,0,0,4,0,0,0,13,0,0,0,0,3,0,0,1,0,4,11,0,0,0,0,0
 Multi Processing ,0,0,0,0,0,0,0,0,0,0,0,1,0,0,0,0,0,0,0,0,0,0,0,0,0,0,0,0,0,0,0,0,0,0,0,0,0,0,0,0,0,0,0,0,0,0,0,0,0,0,0,0,0,0,0,0,0,0,0,0,0,0,0,0,0,0,0,0,0,0,0,0,0,0,0,0,0,0,0,0,0,0,1,0,0,0,1,0,0,0,0,0,0,0,0,0,0,0,0,0,0,1,0,0,0,0,0,0,0,0,0,0,0
 Industry 4 0 ,0,0,0,0,0,0,0,0,0,0,0,0,0,0,0,0,0,0,0,0,0,0,0,0,0,0,0,0,0,0,0,0,0,0,0,0,0,0,0,0,0,0,0,0,0,0,0,0,0,0,0,0,0,0,0,0,0,0,0,0,0,0,0,0,0,0,0,0,0,0,0,0,0,0,0,0,0,0,0,0,0,0,0,0,0,0,0,1,0,0,0,0,0,0,0,0,0,0,0,0,0,0,0,0,0,0,0,0,0,0,0,0,0
 Monte Carlo ,0,0,1,0,0,0,2,0,0,0,0,3,7,0,0,0,0,0,0,3,2,0,8,0,0,0,0,0,0,0,1,0,0,0,0,0,1,0,6,1,0,0,0,0,5,1,0,0,0,0,0,0,3,1,2,3,0,0,1,0,0,8,0,1,0,1,0,0,14,2,5,2,2,0,0,2,0,0,2,0,1,0,4,1,1,0,12,18,0,0,1,0,4,4,2,0,0,1,0,0,1,10,0,2,0,0,1,4,1,2,0,0,0
 Database ,0,4,13,0,0,2,0,5,7,2,6,0,156,4,0,2,0,0,0,75,15,2,30,16,0,7,0,12,0,0,2,0,0,0,1,0,0,1,20,1,0,0,19,32,7,1,0,3,0,1,0,5,0,8,1,1,1,0,3,10,31,0,0,4,0,15,2,1,51,12,32,9,4,9,0,16,0,3,33,9,2,2,22,67,22,0,34,145,0,1,0,0,81,1,0,1,10,2,14,0,1,4,0,21,0,2,0,95,1,21,0,1,0
 Machine Translation ,0,0,1,0,0,0,5,0,0,0,10,0,9,0,0,0,0,0,0,1,0,1,2,0,0,0,0,7,0,0,0,0,0,0,0,0,0,1,0,0,0,0,0,4,0,0,0,0,0,0,0,0,0,0,0,0,0,0,0,0,11,0,0,0,0,0,0,0,0,1,3,1,0,0,0,0,0,0,1,0,0,0,0,0,0,0,0,18,2,0,0,0,3,0,0,0,0,0,0,0,0,0,0,0,0,0,0,0,0,0,0,2,0
 Knowledge Representation ,0,0,0,0,0,0,7,0,0,0,0,0,8,0,0,0,0,0,0,0,0,0,2,0,0,0,0,4,3,0,0,0,0,0,0,0,0,0,1,1,0,0,4,5,1,0,0,5,0,0,0,0,0,0,1,0,0,0,0,0,0,0,0,0,0,0,3,0,7,4,1,0,0,0,0,1,0,2,6,0,1,0,2,1,4,0,10,84,0,0,0,0,6,0,1,0,0,0,2,0,0,2,0,0,0,0,0,7,0,0,0,0,0
 AWS ,0,0,2,0,0,0,2,0,0,0,0,0,0,0,0,0,0,0,0,0,1,0,0,0,0,0,0,0,0,0,0,0,0,0,0,0,0,0,7,0,0,0,0,0,0,0,0,0,0,0,0,0,0,0,0,0,0,0,0,0,0,0,0,0,0,1,0,0,0,0,0,0,0,0,0,0,0,0,0,0,0,0,0,0,0,0,0,2,0,0,0,0,1,0,0,0,0,1,0,0,0,0,0,0,0,0,0,1,0,0,0,0,0
 Language Modeling ,0,0,0,0,0,0,6,10,0,0,0,0,1,1,0,0,0,0,0,8,0,0,0,5,0,0,0,9,0,0,0,0,0,0,0,0,0,0,0,0,0,0,0,14,2,1,0,0,0,0,0,0,0,0,0,0,0,0,0,16,48,0,0,0,0,0,0,0,2,2,1,0,0,1,0,0,0,0,2,0,0,0,0,0,0,0,2,36,4,0,0,0,3,0,0,0,0,0,1,0,0,0,0,1,0,0,0,1,0,0,0,1,0
 Supercomputers ,0,0,1,1,0,3,0,0,0,0,0,0,5,0,0,0,0,0,0,0,0,0,0,0,0,0,0,0,0,0,0,0,0,0,0,0,4,0,7,0,0,0,0,0,0,0,0,0,0,1,0,0,0,0,9,0,1,0,1,0,0,0,0,0,1,10,0,0,0,0,0,0,0,0,0,0,0,0,2,0,0,0,0,0,0,0,0,7,0,0,2,0,1,0,0,0,1,0,0,0,0,24,0,1,0,0,2,1,10,0,0,0,0
 Classification ,0,26,4,0,0,7,156,9,8,0,1,5,0,19,0,10,1,0,0,477,133,17,172,85,0,13,1,19,0,0,21,0,0,7,0,1,3,20,12,3,2,1,3,40,19,3,0,8,0,4,9,6,6,8,2,1,0,6,5,17,61,9,8,32,0,5,2,12,93,46,270,9,7,22,0,86,0,1,144,126,12,5,90,268,30,1,72,516,0,0,0,0,383,3,5,1,12,2,88,0,7,5,1,70,6,0,1,159,6,86,2,2,3
 Semi Supervised Learning ,0,1,0,0,0,0,4,0,0,0,1,0,19,0,0,0,0,0,0,4,0,1,4,0,0,0,0,0,0,0,3,0,0,0,0,0,0,1,0,0,0,0,0,0,0,0,0,0,0,0,0,0,0,0,0,0,0,1,0,0,0,0,0,0,0,0,0,2,1,0,2,0,0,0,0,1,0,0,7,5,1,0,2,0,0,0,0,17,0,0,0,0,4,0,0,0,0,0,7,0,0,0,0,3,0,0,0,1,0,1,0,0,2
 Unmanned Vehicle ,0,0,0,0,0,0,0,0,0,0,0,0,0,0,0,0,0,0,0,0,0,0,0,0,0,0,0,0,0,0,0,0,0,0,0,0,0,0,0,0,0,0,0,0,0,0,0,0,0,0,0,0,0,0,0,0,0,0,0,0,0,0,0,0,0,0,0,0,3,0,0,1,0,0,0,0,0,3,0,0,0,0,0,0,0,0,2,5,0,0,0,0,0,0,1,0,0,0,0,0,0,0,0,1,0,0,0,0,0,0,0,0,0
 Meta Learning ,0,0,0,0,0,0,2,0,0,0,0,0,10,0,0,0,0,0,0,11,1,0,4,6,0,0,0,0,0,0,0,0,0,0,0,0,1,1,0,0,0,0,0,0,0,0,0,0,0,0,0,0,0,0,1,0,0,0,0,0,0,0,0,0,0,0,0,0,0,4,0,4,0,0,0,0,0,0,2,0,0,0,0,0,0,0,0,9,0,0,0,0,7,0,0,0,0,0,0,0,0,0,0,0,0,0,0,4,0,0,0,0,0
 Self Supervised Learning ,0,0,0,0,0,0,0,0,0,0,0,0,1,0,0,0,0,0,0,1,0,0,0,0,0,0,0,0,0,0,0,0,0,0,0,0,0,0,0,0,0,0,0,0,0,0,0,0,0,0,0,0,0,0,0,0,0,0,0,0,0,0,0,0,0,0,0,0,1,0,0,0,0,0,0,0,0,0,0,0,0,0,0,0,0,0,0,2,0,0,0,0,0,0,0,0,0,0,0,0,0,0,0,1,0,0,0,0,0,0,0,0,0
 Unmanned Spacecraft ,0,0,0,0,0,0,0,0,0,0,0,0,0,0,0,0,0,0,0,0,0,0,0,0,0,0,0,0,0,0,0,0,0,0,0,0,0,0,0,0,0,0,0,0,0,0,0,0,0,0,0,0,0,0,0,0,0,0,0,0,0,0,0,0,0,0,0,0,0,0,0,0,0,0,0,0,0,0,0,0,0,0,0,0,0,0,0,0,0,0,0,0,0,0,0,0,0,0,0,0,0,0,0,0,0,0,0,0,0,0,0,0,0
 Decentralized Computing ,0,0,0,0,0,0,0,0,0,0,0,0,0,0,0,0,0,0,0,0,0,0,0,0,0,0,0,0,0,0,0,0,0,0,0,0,0,0,0,0,0,0,0,0,0,0,0,0,0,0,0,0,0,0,0,0,0,0,0,0,0,0,0,0,0,0,0,0,0,0,0,0,0,0,0,0,0,0,0,0,0,0,0,0,0,0,0,0,0,0,0,0,0,0,0,0,0,0,0,0,0,0,0,0,0,0,0,0,0,0,0,0,0
 SVM ,0,20,2,0,0,3,75,1,0,0,8,0,477,4,0,11,1,0,0,0,70,2,98,53,0,4,0,14,0,0,5,0,0,6,0,0,1,8,2,3,2,0,0,10,7,1,0,0,0,4,6,3,1,7,1,0,0,3,4,1,14,3,3,13,0,0,0,2,23,26,83,11,1,2,0,35,0,6,37,67,4,0,24,105,10,1,16,179,0,0,0,0,206,2,0,0,7,0,34,0,0,0,0,21,1,0,0,48,0,28,0,0,0
 Trees ,0,2,0,0,0,2,15,0,0,1,0,0,133,0,0,1,0,0,0,70,0,0,49,4,0,0,0,0,0,0,1,0,0,0,0,0,0,0,0,0,0,0,0,2,1,0,0,1,0,1,0,0,0,1,0,0,0,1,0,0,0,0,1,2,0,0,0,4,1,7,6,0,0,0,0,7,0,0,17,6,5,0,3,9,1,0,4,37,0,0,0,0,56,0,0,0,2,0,10,0,0,0,0,0,0,0,0,12,0,3,0,0,0
 Sentiment Analysis ,0,0,0,0,0,0,2,1,0,0,0,0,17,1,0,0,0,0,0,2,0,0,0,0,0,0,0,13,0,0,0,0,0,0,0,0,0,2,0,0,0,1,0,1,0,0,0,0,0,0,0,0,0,0,0,0,0,0,0,0,0,0,0,0,0,0,0,0,0,0,0,0,0,0,0,0,0,0,2,0,0,0,0,1,0,0,0,27,0,0,0,0,9,0,0,0,0,0,0,0,0,0,0,0,0,0,0,3,0,0,0,0,0
 Regression ,0,5,2,0,0,8,30,2,2,0,0,0,172,4,0,4,0,0,0,98,49,0,0,60,0,2,0,2,0,0,6,0,0,1,0,0,0,0,2,2,0,0,1,7,1,0,0,2,1,2,0,2,5,0,0,6,0,1,0,7,7,7,2,12,0,0,0,4,24,22,43,4,5,0,0,24,0,0,18,13,9,0,6,17,9,0,24,103,0,0,0,1,121,0,0,0,5,0,9,0,1,2,0,13,2,0,0,49,0,8,0,0,1
 Multi-layer perceptron ,0,4,0,0,0,0,16,0,0,0,5,0,85,0,0,6,0,0,0,53,4,0,60,0,0,0,0,0,3,0,2,0,1,1,0,0,0,0,0,0,0,0,0,2,0,0,0,8,0,0,0,1,1,1,0,0,0,0,0,5,19,0,0,16,0,1,0,0,10,10,8,0,0,0,0,9,0,0,9,3,0,0,0,15,5,1,0,85,0,0,0,0,34,0,0,0,1,0,3,0,5,0,0,1,0,0,0,22,1,2,0,0,0
 Cyber Infrastructure ,0,0,1,0,0,0,0,0,0,0,0,0,0,0,0,0,0,0,0,0,0,0,0,0,0,0,0,0,0,0,0,0,0,0,0,0,0,0,2,0,0,0,0,0,0,0,0,0,0,0,0,0,0,0,0,0,0,0,0,0,0,0,0,0,0,0,0,0,0,0,0,0,0,0,1,1,0,0,0,0,0,0,0,0,0,0,0,0,0,0,0,0,0,0,0,0,1,0,0,0,0,0,0,0,0,0,0,0,0,0,0,0,0
 Pose Estimation ,0,0,0,0,0,0,7,0,0,0,0,0,13,0,0,0,0,0,0,4,0,0,2,0,0,0,0,0,0,0,0,0,0,0,0,0,0,0,0,0,0,0,0,0,4,0,0,0,0,0,0,0,0,0,0,0,0,0,0,0,0,0,0,0,0,0,0,0,25,0,3,0,0,0,0,0,0,1,4,0,0,0,25,4,0,0,12,52,0,0,0,0,2,0,1,0,0,0,1,0,0,0,0,19,0,0,0,0,0,1,0,0,0
 Auto Encoder ,0,0,0,0,0,0,0,0,0,0,0,0,1,0,0,0,0,0,0,0,0,0,0,0,0,0,0,0,0,0,0,0,0,0,0,0,0,0,0,0,0,0,0,0,0,0,0,0,0,0,0,0,0,0,0,0,0,0,0,2,0,0,0,0,0,0,0,0,0,0,0,0,0,0,0,0,0,0,0,0,0,0,0,0,0,0,0,0,0,0,0,0,0,0,0,0,0,0,0,0,0,0,0,0,0,0,0,0,0,0,0,0,0
 NLP ,0,0,1,0,0,0,12,7,4,0,9,0,19,0,0,0,0,0,0,14,0,13,2,0,0,0,0,0,3,0,0,0,0,0,0,0,0,6,2,0,0,0,0,24,3,1,0,0,0,0,0,0,0,0,0,0,0,0,0,0,4,0,3,0,0,0,1,0,8,3,0,2,0,0,0,0,0,0,4,0,2,0,0,1,2,0,6,61,0,0,0,0,30,0,0,0,1,0,1,0,0,0,0,3,0,0,0,6,0,1,0,8,0
 Automated Reasoning ,0,0,0,0,0,0,0,0,3,0,0,0,0,0,0,0,0,0,0,0,0,0,0,3,0,0,0,3,0,0,0,0,0,0,0,0,0,0,0,0,0,0,0,0,0,0,0,0,0,0,0,0,0,0,0,0,0,0,0,0,0,0,0,0,0,0,0,0,0,0,0,0,0,0,0,0,0,0,0,0,0,0,0,0,0,0,0,12,0,0,0,0,0,0,0,0,0,0,0,0,0,0,0,0,0,0,0,1,0,0,0,0,0
 Bert ,0,0,0,0,0,0,0,0,0,0,0,0,0,0,0,0,0,0,0,0,0,0,0,0,0,0,0,0,0,0,0,0,0,0,0,0,0,0,0,0,0,0,0,0,0,0,0,0,0,0,0,0,0,0,0,0,0,0,0,0,0,0,0,1,0,0,0,0,0,0,0,0,0,0,0,0,0,0,0,0,0,0,0,0,0,0,0,0,0,0,0,0,0,0,0,0,0,0,0,0,0,0,0,0,0,0,0,0,0,0,0,0,0
 Unsupervised Learning ,0,0,0,0,0,1,2,0,0,0,0,0,21,3,0,0,0,0,0,5,1,0,6,2,0,0,0,0,0,0,0,0,0,0,0,0,0,0,0,0,0,0,0,1,1,2,0,1,0,0,0,1,1,0,0,0,0,1,0,1,5,1,0,1,0,0,0,0,7,0,4,0,3,0,0,4,0,0,28,1,0,1,5,3,0,0,4,27,0,0,0,0,10,0,0,0,0,0,9,0,0,0,1,1,0,0,0,2,0,1,0,0,1
 Chatbot ,0,0,0,0,0,0,0,0,0,0,0,0,0,0,0,0,0,0,0,0,0,0,0,0,0,0,0,0,0,0,0,0,0,0,0,0,0,0,0,0,0,0,0,0,0,0,0,0,0,0,0,0,0,0,0,0,0,0,0,0,0,0,0,0,0,0,0,0,0,0,0,0,0,0,0,0,0,0,0,0,0,0,0,0,0,0,0,0,0,0,0,0,0,0,0,0,0,0,0,0,0,0,0,0,0,0,0,0,0,0,0,0,0
 Generative Adversarial Network ,0,0,0,0,0,0,0,0,0,0,0,0,0,0,0,0,0,0,0,0,0,0,0,1,0,0,0,0,0,0,0,0,0,0,0,0,0,0,0,0,0,0,0,0,0,0,0,0,0,0,0,0,0,0,0,0,0,0,0,0,0,0,0,1,0,0,0,0,0,0,0,0,0,0,0,0,0,0,0,0,0,0,0,0,0,0,0,0,0,0,0,0,0,0,0,0,0,0,0,0,0,0,0,0,0,0,0,0,0,0,0,0,0
 Audio Classification ,0,0,0,0,0,0,0,0,0,0,0,0,7,0,0,0,0,0,0,6,0,0,1,1,0,0,0,0,0,0,0,0,0,0,0,0,0,0,0,0,0,0,0,0,0,0,0,0,0,0,0,0,0,0,0,0,0,0,0,0,1,0,0,0,0,0,0,0,0,0,1,0,0,0,0,0,0,0,0,0,0,0,0,4,0,0,0,3,0,0,0,0,2,0,0,0,0,0,0,0,0,0,0,0,0,0,0,0,0,0,0,0,0
 Transformers & Attention ,0,0,0,0,0,0,1,0,0,0,0,0,0,0,0,0,0,0,0,0,0,0,0,0,0,0,0,0,0,0,0,0,0,0,0,0,0,0,0,0,0,0,0,0,0,0,0,0,0,0,0,0,0,0,0,0,0,0,0,1,0,0,0,0,0,0,0,0,8,0,0,0,3,0,0,0,0,0,0,0,0,0,6,0,0,0,6,5,0,0,0,0,0,0,0,0,0,0,1,0,0,0,0,0,0,0,0,0,0,0,0,0,0
 Autoencoder ,0,0,0,0,0,0,0,0,0,0,0,0,1,0,0,0,0,0,0,0,0,0,0,0,0,0,0,0,0,0,0,0,0,0,0,0,0,0,0,0,0,0,0,0,0,0,0,0,0,0,0,0,1,0,0,0,0,0,0,0,0,0,0,0,0,0,0,0,0,0,0,0,0,0,0,0,0,0,0,0,0,0,0,0,0,0,0,1,0,0,0,0,0,0,0,0,0,0,0,0,0,0,0,0,0,0,0,0,0,0,0,0,0
 Grid Computing ,0,0,3,0,0,1,0,0,0,0,0,4,3,0,0,1,0,0,0,1,0,0,0,0,0,0,0,0,0,0,0,0,0,0,0,0,0,0,42,0,0,0,0,1,0,0,0,0,0,1,0,0,0,0,12,0,1,0,0,0,0,0,0,0,0,6,0,0,1,0,0,0,0,0,0,0,0,0,1,0,0,0,0,0,1,0,0,7,0,0,0,0,3,0,0,4,2,5,0,0,0,4,0,1,0,0,6,4,1,0,0,0,0
 Text Classification ,0,0,1,0,0,0,1,1,0,0,0,0,20,1,0,1,0,0,0,8,0,2,0,0,0,0,0,6,0,0,0,0,0,0,0,0,0,0,0,0,0,0,0,6,0,0,0,0,0,0,0,0,0,0,0,0,0,0,0,0,0,0,0,0,0,0,0,0,0,2,0,0,0,0,0,0,0,0,3,0,0,0,0,2,0,0,0,13,0,0,0,0,7,0,0,0,0,0,0,0,0,0,0,0,0,0,0,2,0,0,0,1,0
 Clouds ,0,0,60,0,0,6,20,0,1,7,0,7,12,0,0,0,0,0,0,2,0,0,2,0,2,0,0,2,0,0,0,0,0,0,0,0,42,0,0,0,0,0,6,6,0,2,0,0,0,10,0,0,2,1,38,0,1,0,7,0,0,0,0,0,1,65,0,0,4,9,2,1,0,0,2,0,4,1,5,0,0,0,0,0,0,0,4,39,0,8,0,0,4,3,2,26,18,38,0,0,0,19,0,0,0,0,56,12,1,0,0,0,0
 Kernel Machine ,0,0,0,0,0,1,1,0,1,0,0,0,3,0,0,0,0,0,0,3,0,0,2,0,0,0,0,0,0,0,0,0,0,0,0,0,0,0,0,0,0,0,0,0,0,0,0,1,0,0,0,0,0,0,0,0,0,0,0,1,0,0,0,1,0,0,0,0,0,0,0,0,0,0,0,0,0,0,0,0,2,0,1,1,0,0,0,5,0,0,0,0,3,0,0,0,0,0,0,0,0,0,0,0,0,0,0,1,0,0,0,0,0
 3D Print ,0,0,0,0,0,0,0,0,0,0,0,0,2,0,0,0,0,0,0,2,0,0,0,0,0,0,0,0,0,0,0,0,0,0,0,0,0,0,0,0,0,0,0,0,0,0,0,0,0,0,0,0,0,0,0,0,0,0,0,0,0,0,0,0,0,0,0,0,8,0,0,0,2,0,0,0,0,0,0,0,0,0,0,0,0,0,11,2,0,0,0,0,0,0,0,0,0,0,0,0,0,0,0,0,0,0,0,0,0,1,0,0,0
 Topic Modeling ,0,0,0,0,0,0,0,0,0,0,0,0,1,0,0,0,0,0,0,0,0,1,0,0,0,0,0,0,0,0,0,0,0,0,0,0,0,0,0,0,0,0,0,0,0,0,0,0,0,0,0,0,0,0,0,0,0,0,0,0,0,0,0,0,0,0,0,0,0,0,0,0,0,0,0,0,0,0,0,0,0,0,0,0,0,0,0,1,0,0,0,0,1,0,0,0,0,0,0,0,0,0,0,0,0,0,0,0,0,0,0,0,0
 RDBMS & SQL ,0,0,5,0,0,0,19,0,4,0,0,0,3,0,0,0,0,0,0,0,0,0,1,0,0,0,0,0,0,0,0,0,0,0,0,0,0,0,6,0,0,0,0,5,0,0,0,0,0,0,0,0,0,1,0,0,1,0,1,0,0,0,0,0,0,1,0,0,0,0,0,0,0,0,0,1,0,0,1,0,0,0,0,1,2,0,0,11,0,1,0,0,1,0,0,0,2,0,0,0,0,1,0,0,0,0,0,7,0,0,0,0,0
 Information Retrieval ,0,0,2,0,0,0,32,4,5,0,14,0,40,0,0,0,0,0,0,10,2,1,7,2,0,0,0,24,0,0,1,0,0,0,0,0,1,6,6,0,0,0,5,0,1,1,0,0,0,0,0,0,0,0,1,1,0,0,0,3,8,0,0,0,0,1,5,2,2,6,0,1,0,0,0,0,0,0,29,1,0,0,1,0,0,0,1,87,0,0,1,0,17,0,0,0,4,0,2,0,0,0,0,1,0,0,0,14,0,1,0,4,0
 Mobile Robots ,0,0,0,0,0,5,7,0,1,0,2,0,19,0,0,0,0,0,0,7,1,0,1,0,0,4,0,3,0,0,1,0,0,0,0,0,0,0,0,0,0,0,0,1,0,3,0,1,0,1,3,0,6,1,1,0,0,2,0,2,1,1,0,0,0,0,0,0,385,15,1,1,9,1,0,1,0,8,4,0,0,0,8,12,1,0,144,138,0,0,0,0,2,0,0,0,0,0,0,0,10,0,0,8,0,0,0,0,2,1,6,0,0
 Dynamic Programming ,0,0,0,0,0,1,1,0,0,0,1,0,3,0,0,0,0,0,0,1,0,0,0,0,0,0,0,1,0,0,2,0,0,0,0,0,0,0,2,0,0,0,0,1,3,0,0,0,0,0,0,0,7,0,1,0,0,1,0,0,3,6,0,0,0,1,0,0,6,0,4,1,0,1,0,0,0,0,1,0,0,0,0,1,0,0,5,19,0,0,1,0,3,0,1,0,0,0,0,0,1,0,0,1,0,0,0,1,0,2,1,0,0
 Encoder Decoder ,0,0,0,0,0,0,0,0,0,0,0,0,0,0,0,0,0,0,0,0,0,0,0,0,0,0,0,0,0,0,0,0,0,0,0,0,0,0,0,0,0,0,0,0,0,0,0,0,0,0,0,0,0,0,0,0,0,0,0,0,0,0,0,0,0,0,0,0,0,0,0,0,0,0,0,0,0,0,0,0,0,0,0,0,0,0,0,0,0,0,0,0,0,0,0,0,0,0,0,0,0,0,0,0,0,0,0,0,0,0,0,0,0
 Deep Learning ,0,0,0,0,0,0,3,0,5,0,0,0,8,0,0,0,0,0,0,0,1,0,2,8,0,0,0,0,0,0,1,0,0,0,0,0,0,0,0,1,0,0,0,0,1,0,0,0,0,0,0,0,0,1,0,1,0,0,0,0,3,0,0,0,0,0,0,0,4,0,0,1,0,0,0,0,0,0,1,4,2,2,8,6,0,0,9,19,0,0,0,0,9,0,0,0,0,0,1,0,0,0,0,2,0,0,0,2,1,1,0,0,0
 Neuromorphic Computing ,0,0,0,0,0,0,0,0,0,0,0,0,0,0,0,0,0,0,0,0,0,0,1,0,0,0,0,0,0,0,0,0,0,0,0,0,0,0,0,0,0,0,0,0,0,0,0,0,0,1,0,0,0,0,0,0,0,0,0,0,0,0,0,0,0,0,0,0,0,0,0,0,0,0,0,0,0,0,0,0,0,0,0,0,0,0,0,0,0,0,0,0,0,0,0,0,0,0,0,0,0,0,0,0,0,0,0,0,0,0,0,0,0
 Data Storage ,0,0,3,0,0,0,1,0,0,0,0,1,4,0,0,0,0,0,0,4,1,0,2,0,0,0,0,0,0,0,0,0,0,0,0,0,1,0,10,0,0,0,0,0,1,0,0,0,1,0,0,0,0,0,1,0,1,0,0,0,0,0,0,0,0,6,0,0,1,0,1,0,0,0,0,0,0,0,1,0,0,0,0,1,0,0,3,4,0,0,0,0,1,0,0,0,2,0,0,0,0,1,0,1,0,0,0,2,0,2,1,0,0
 Convolutional Networks ,0,0,0,0,0,0,0,0,0,0,0,0,9,0,0,0,0,0,0,6,0,0,0,0,0,0,0,0,0,0,0,0,0,0,0,0,0,0,0,0,0,0,0,0,3,0,0,0,0,0,0,0,2,2,0,0,0,2,0,1,0,0,0,0,0,0,0,0,7,5,4,0,0,0,0,0,0,0,0,0,0,0,1,1,0,0,2,8,0,0,0,0,2,0,0,0,0,0,0,0,0,0,0,3,0,0,0,0,0,1,0,0,0
 Image Recognition ,0,0,0,0,0,0,5,0,0,0,0,0,6,0,0,0,0,0,0,3,0,0,2,1,0,0,0,0,0,0,1,0,0,0,0,0,0,0,0,0,0,0,0,0,0,0,0,0,0,0,0,0,0,0,0,0,0,0,0,0,1,0,0,0,0,0,0,0,3,0,7,0,0,0,0,1,0,0,0,1,0,1,1,1,0,0,1,4,0,0,0,0,2,0,0,0,0,0,1,1,0,0,0,2,0,0,0,0,0,1,0,0,0
 Reinforcement Learning ,0,0,2,0,0,3,0,0,0,0,0,0,6,0,0,0,0,0,0,1,0,0,5,1,0,0,0,0,0,0,1,0,0,0,0,1,0,0,2,0,0,0,0,0,6,7,0,0,0,0,2,0,0,0,0,1,0,1,0,0,0,24,0,0,0,2,0,0,49,4,0,6,6,0,0,0,0,0,2,0,0,1,1,0,3,0,35,75,0,0,0,0,15,1,3,0,0,0,2,0,7,0,0,1,1,0,0,1,0,0,0,0,0
 Face Detection ,0,0,1,0,0,1,8,0,0,0,0,0,8,0,0,0,0,0,0,7,1,0,0,1,0,0,0,0,0,0,0,0,0,0,0,0,0,0,1,0,0,0,1,0,1,0,0,1,0,0,2,0,0,0,0,0,0,0,0,0,0,0,0,0,0,0,0,0,6,0,0,0,0,1,0,2,0,0,1,0,0,0,8,4,0,0,2,15,0,0,0,0,3,0,0,0,0,0,0,0,0,0,0,9,0,0,0,0,0,2,0,0,0
 Distributed Computing ,0,0,10,0,0,2,1,0,1,0,0,9,2,0,0,1,0,0,0,1,0,0,0,0,0,0,0,0,0,0,0,0,0,0,0,0,12,0,38,0,0,0,0,1,1,1,0,0,0,1,0,0,0,0,0,1,2,0,0,0,0,2,0,0,0,4,0,0,2,2,1,1,0,1,1,0,0,0,2,1,0,0,0,1,2,0,0,4,0,0,0,0,3,0,0,1,2,3,0,0,0,16,0,1,0,0,3,3,0,0,0,0,0
 Bayesian Inference ,0,0,0,0,0,3,1,0,0,0,0,0,1,0,0,0,0,0,0,0,0,0,6,0,0,0,0,0,0,0,0,0,0,0,0,0,0,0,0,0,0,0,0,1,0,0,0,1,0,0,0,0,1,0,1,0,0,0,0,1,0,8,0,0,0,0,0,0,0,0,1,0,0,0,0,1,0,0,1,0,0,0,1,1,0,0,1,1,0,0,0,0,4,0,1,0,0,0,0,0,0,3,0,0,0,0,0,0,1,1,0,0,0
 Distributed File System ,0,0,4,0,0,0,1,0,0,0,0,1,0,0,0,0,0,0,0,0,0,0,0,0,0,0,0,0,0,0,0,0,0,0,0,0,1,0,1,0,0,0,1,0,0,0,0,0,0,1,0,0,0,0,2,0,0,0,1,0,0,0,0,0,0,0,0,0,0,0,0,0,0,0,0,0,0,0,0,0,0,0,0,0,0,0,0,0,0,0,0,0,0,0,0,0,1,0,0,0,0,1,0,0,0,0,0,0,0,0,0,0,0
 Optimization Algorithm ,0,0,0,0,0,0,0,0,0,0,0,0,6,1,0,0,0,0,0,3,1,0,1,0,0,0,0,0,0,0,1,0,0,0,0,0,0,0,0,0,0,0,0,0,2,1,0,0,0,0,2,0,1,0,0,0,0,0,0,0,0,0,0,3,0,0,0,0,5,3,0,1,0,0,0,0,0,1,2,0,0,0,0,0,0,0,2,7,0,0,0,0,1,0,0,0,0,0,2,0,0,0,0,1,0,0,0,0,0,2,0,0,0
 Parallel Processing ,0,0,3,0,0,1,3,0,0,0,0,1,5,0,0,0,0,0,0,4,0,0,0,0,0,0,0,0,0,0,0,0,0,0,0,0,0,0,7,0,0,0,1,0,0,0,0,0,0,0,0,0,0,0,0,0,1,0,0,0,2,2,0,0,0,0,0,0,0,1,0,1,0,0,0,0,1,0,1,1,0,0,1,1,0,0,1,7,0,0,1,0,2,0,0,0,6,0,0,0,0,9,0,0,0,0,0,3,4,0,0,0,0
 RNN ,0,0,1,0,0,0,10,0,0,0,16,0,17,0,0,0,0,0,0,1,0,0,7,5,0,0,2,0,0,0,1,0,0,0,1,0,0,0,0,1,0,0,0,3,2,0,0,0,0,0,1,0,0,0,0,1,0,0,0,0,11,0,0,0,0,0,0,0,11,3,1,0,1,3,0,0,0,0,2,0,0,0,0,4,0,0,8,41,0,0,0,0,6,0,0,0,0,0,0,0,0,0,1,0,0,0,0,1,0,0,0,0,1
 Voice Recognition ,0,1,1,0,0,0,31,11,0,0,48,0,61,0,0,0,0,0,0,14,0,0,7,19,0,0,0,4,0,0,5,0,0,1,0,0,0,0,0,0,0,0,0,8,1,3,0,3,0,0,0,1,0,0,0,0,0,0,2,11,0,3,0,0,0,0,0,0,19,0,8,4,3,4,0,4,0,0,8,1,1,0,1,26,0,0,9,110,2,0,0,0,7,0,0,0,0,0,2,1,0,0,0,1,1,0,0,0,0,1,0,2,2
 Markov ,0,0,0,0,0,8,0,0,0,0,0,0,9,0,0,0,0,0,0,3,0,0,7,0,0,0,0,0,0,0,1,0,0,0,0,0,0,0,0,0,0,0,0,0,1,6,0,0,0,0,0,0,24,0,2,8,0,0,2,0,3,0,0,2,0,0,0,0,16,3,4,2,1,0,0,1,0,1,7,0,1,1,1,2,0,0,7,30,0,0,0,0,6,1,2,0,1,0,4,0,2,5,0,2,0,0,0,1,0,2,0,0,0
 Feature Engineering ,0,0,0,0,0,0,0,0,0,0,0,0,8,0,0,0,0,0,0,3,1,0,2,0,0,0,0,3,0,0,0,0,0,0,0,0,0,0,0,0,0,0,0,0,0,0,0,0,0,0,0,0,0,0,0,0,0,0,0,0,0,0,0,0,0,0,0,0,0,0,1,0,0,0,0,0,0,0,0,3,1,0,2,0,0,0,0,3,0,0,0,0,4,0,0,0,0,0,3,0,0,0,0,0,0,0,0,1,0,1,0,0,0
 Back-propagation ,0,3,0,0,0,1,4,0,0,0,0,0,32,0,0,0,0,0,0,13,2,0,12,16,0,0,0,0,0,1,1,0,1,0,0,0,0,0,0,1,0,0,0,0,0,0,0,0,0,0,0,0,0,0,0,0,0,3,0,0,0,2,0,0,0,0,0,0,5,6,5,1,0,0,0,3,0,1,2,1,0,0,0,6,2,0,2,27,0,0,0,0,8,0,0,0,0,0,4,0,1,0,0,0,0,0,0,4,0,0,0,0,0
 Cluster Computing ,0,0,1,0,0,0,0,0,0,0,0,1,0,0,0,0,0,0,0,0,0,0,0,0,0,0,0,0,0,0,0,0,0,0,0,0,0,0,1,0,0,0,0,0,0,0,0,0,0,0,0,0,0,0,0,0,0,0,0,0,0,0,0,0,0,0,0,0,2,0,0,0,0,0,0,0,0,0,0,0,0,0,0,0,0,0,2,1,0,0,0,0,0,0,0,0,1,0,0,0,0,3,0,0,0,0,0,0,0,0,0,0,0
 Data Center ,0,0,11,0,0,1,15,0,0,1,0,10,5,0,0,0,0,0,0,0,0,0,0,1,0,0,0,0,0,0,0,0,0,0,0,0,6,0,65,0,0,0,1,1,0,1,0,0,0,6,0,0,2,0,4,0,0,0,0,0,0,0,0,0,0,0,0,0,0,0,1,0,0,0,1,0,0,0,4,0,0,0,0,0,0,0,0,6,0,0,0,0,2,0,0,1,9,2,0,0,0,9,0,0,0,0,17,2,0,0,0,0,0
 Semantic Search ,0,0,0,0,0,0,2,0,3,0,0,0,2,0,0,0,0,0,0,0,0,0,0,0,0,0,0,1,0,0,0,0,0,0,0,0,0,0,0,0,0,0,0,5,0,0,0,0,0,0,0,0,0,0,0,0,0,0,0,0,0,0,0,0,0,0,0,0,0,1,0,1,0,0,0,0,0,0,1,0,0,0,0,0,2,0,0,12,0,0,0,0,0,0,0,0,0,0,0,0,0,0,0,0,0,0,0,1,0,0,0,0,0
 Boosting ,0,0,0,0,0,0,1,0,0,0,0,0,12,2,0,0,0,0,0,2,4,0,4,0,0,0,0,0,0,0,0,0,0,0,0,0,0,0,0,0,0,0,0,2,0,0,0,0,0,0,0,0,0,0,0,0,0,0,0,0,0,0,0,0,0,0,0,0,0,0,3,0,0,0,0,1,0,0,0,1,2,0,0,2,0,0,0,4,0,0,0,0,8,0,0,0,0,0,1,0,0,0,0,2,0,0,0,1,0,0,0,0,2
 Robots ,0,1,0,0,0,14,51,0,7,0,2,0,93,1,3,0,1,0,0,23,1,0,24,10,0,25,0,8,0,0,7,0,0,0,8,0,1,0,4,0,8,0,0,2,385,6,0,4,0,1,7,3,49,6,2,0,0,5,0,11,19,16,0,5,2,0,0,0,0,59,11,13,248,19,0,3,0,46,14,0,1,0,55,18,1,0,1546,861,0,0,5,0,59,0,27,0,0,0,9,0,400,2,0,47,0,0,0,2,1,8,12,0,0
 Genetic Algorithm ,0,0,3,0,0,2,12,1,4,0,2,0,46,0,0,4,0,0,0,26,7,0,22,10,0,0,0,3,0,0,0,0,0,0,0,0,0,2,9,0,0,0,0,6,15,0,0,0,0,0,5,0,4,0,2,0,0,3,1,3,0,3,0,6,0,0,1,0,59,0,13,6,3,1,2,3,0,2,12,2,0,0,6,5,16,1,20,98,0,0,0,0,23,0,2,0,0,0,9,0,17,6,0,1,0,0,0,19,0,3,4,0,0
 Pattern Recognition ,0,6,1,0,0,5,32,3,1,0,1,0,270,2,0,0,0,0,0,83,6,0,43,8,0,3,0,0,0,0,4,0,0,1,0,0,0,0,2,0,0,0,0,0,1,4,0,0,0,1,4,7,0,0,1,1,0,0,0,1,8,4,1,5,0,1,0,3,11,13,0,3,0,9,0,51,0,1,45,9,7,0,17,42,3,0,12,148,0,0,0,0,55,0,0,1,0,0,13,1,0,2,0,32,1,0,0,14,0,5,0,1,1
 Search Algorithm ,0,1,0,0,0,2,9,1,0,0,0,0,9,0,1,4,0,0,0,11,0,0,4,0,0,0,0,2,0,0,0,0,0,0,0,0,0,0,1,0,0,0,0,1,1,1,0,1,0,0,0,0,6,0,1,0,0,1,1,0,4,2,0,1,0,0,1,0,13,6,3,0,0,0,0,0,0,0,1,0,0,0,0,1,0,0,10,28,0,0,0,0,6,3,0,0,1,0,2,0,5,1,0,2,0,0,0,4,0,1,0,0,0
 Humanoid Robots ,0,0,0,0,0,2,4,0,0,0,0,0,7,0,0,0,0,0,0,1,0,0,5,0,0,0,0,0,0,0,3,0,0,0,3,0,0,0,0,0,2,0,0,0,9,0,0,0,0,0,0,0,6,0,0,0,0,0,0,1,3,1,0,0,0,0,0,0,248,3,0,0,0,3,0,0,0,0,2,0,0,0,15,1,0,0,98,69,0,0,0,0,8,0,0,0,0,0,4,0,14,0,0,6,0,0,0,0,0,2,0,0,0
 Gesture Recognition ,0,1,0,0,0,0,9,0,0,0,1,0,22,0,0,0,0,0,0,2,0,0,0,0,0,0,0,0,0,0,0,0,0,0,0,0,0,0,0,0,0,0,0,0,1,1,0,0,0,0,0,0,0,1,1,0,0,0,0,3,4,0,0,0,0,0,0,0,19,1,9,0,3,0,0,0,0,0,2,0,0,0,5,6,0,0,12,27,0,0,0,0,6,0,0,0,0,0,0,0,0,0,0,12,0,0,0,1,0,0,0,0,0
 Data Intensive Computing ,0,0,2,0,0,0,0,0,0,0,0,0,0,0,0,0,0,0,0,0,0,0,0,0,1,0,0,0,0,0,0,0,0,0,0,0,0,0,2,0,0,0,0,0,0,0,0,0,0,0,0,0,0,0,1,0,0,0,0,0,0,0,0,0,0,1,0,0,0,2,0,0,0,0,0,0,0,0,0,0,0,0,0,0,0,0,0,0,0,0,0,0,0,0,0,0,2,0,0,0,0,1,0,0,0,0,0,0,0,0,0,0,0
 Dimensionality Reduction ,0,3,0,0,0,2,16,0,1,0,0,0,86,1,0,0,0,0,0,35,7,0,24,9,1,0,0,0,0,0,4,0,0,0,0,0,0,0,0,0,0,0,1,0,1,0,0,0,0,0,0,1,0,2,0,1,0,0,0,0,4,1,0,3,0,0,0,1,3,3,51,0,0,0,0,0,0,0,13,6,0,0,6,42,2,0,3,44,0,0,0,0,19,0,0,0,2,0,7,0,0,0,0,8,0,0,0,14,0,3,0,0,0
 Dynamic Cloud ,0,0,1,0,0,0,0,0,0,0,0,0,0,0,0,0,0,0,0,0,0,0,0,0,0,0,0,0,0,0,0,0,0,0,0,0,0,0,4,0,0,0,0,0,0,0,0,0,0,0,0,0,0,0,0,0,0,0,1,0,0,0,0,0,0,0,0,0,0,0,0,0,0,0,0,0,0,0,1,0,0,0,0,0,0,0,0,0,0,0,0,0,0,0,0,0,0,0,0,0,0,0,0,0,0,0,0,1,0,0,0,0,0
 UAM ,0,0,1,0,0,0,3,0,2,0,0,0,1,0,3,0,0,0,0,6,0,0,0,0,0,1,0,0,0,0,0,0,0,0,0,0,0,0,1,0,0,0,0,0,8,0,0,0,0,0,0,0,0,0,0,0,0,1,0,0,0,1,0,1,0,0,0,0,46,2,1,0,0,0,0,0,0,0,0,0,1,0,4,5,0,0,37,48,0,0,0,0,0,0,6,0,0,0,0,0,1,0,0,15,0,0,0,0,0,1,8,0,0
 Clustering ,0,1,4,0,0,2,33,1,6,0,2,2,144,7,0,2,0,0,0,37,17,2,18,9,0,4,0,4,0,0,28,0,0,0,0,0,1,3,5,0,0,0,1,29,4,1,0,1,0,1,0,0,2,1,2,1,0,2,1,2,8,7,0,2,0,4,1,0,14,12,45,1,2,2,0,13,1,0,0,16,4,0,8,45,3,0,5,141,0,0,0,0,48,1,0,0,5,0,16,0,1,4,0,10,0,0,1,88,2,38,0,1,0
 Image Classification ,0,4,0,0,0,0,9,0,0,0,0,0,126,5,0,0,0,0,0,67,6,0,13,3,0,0,0,0,0,0,1,0,0,0,0,0,0,0,0,0,0,0,0,1,0,0,0,4,0,0,0,1,0,0,1,0,0,0,1,0,1,0,3,1,0,0,0,1,0,2,9,0,0,0,0,6,0,0,16,0,0,0,13,14,2,0,0,35,0,0,0,0,11,0,0,0,1,0,5,0,0,0,0,6,2,0,0,2,2,12,0,0,0
 Statistical Learning ,0,0,2,0,0,1,2,0,1,0,0,0,12,1,0,0,0,0,0,4,5,0,9,0,0,0,0,2,0,0,0,0,0,0,0,0,0,0,0,2,0,0,0,0,0,0,0,2,0,0,0,0,0,0,0,0,0,0,0,0,1,1,1,0,0,0,0,2,1,0,7,0,0,0,0,0,0,1,4,0,0,0,2,0,0,0,1,18,0,0,0,0,9,0,0,0,0,0,1,0,0,0,0,2,2,0,0,1,0,0,0,0,0
 Transfer Learning ,0,0,0,0,0,0,2,0,0,0,0,0,5,0,0,0,0,0,0,0,0,0,0,0,0,0,0,0,0,0,1,0,0,0,0,0,0,0,0,0,0,0,0,0,0,0,0,2,0,0,0,1,1,0,0,0,0,0,0,0,0,1,0,0,0,0,0,0,0,0,0,0,0,0,0,0,0,0,0,0,0,0,1,0,0,0,1,7,0,0,0,0,4,0,0,0,0,0,3,0,0,0,0,0,0,0,0,1,0,0,0,0,0
 Object Recognition ,1,0,0,1,0,4,22,0,2,0,0,0,90,2,0,0,0,0,0,24,3,0,6,0,0,25,0,0,0,0,5,0,0,0,6,0,0,0,0,1,0,0,0,1,8,0,0,8,0,0,1,1,1,8,0,1,0,0,1,0,1,1,2,0,0,0,0,0,55,6,17,0,15,5,0,6,0,4,8,13,2,1,0,21,0,0,58,148,0,0,0,0,17,0,0,0,0,0,9,1,0,0,0,58,1,0,0,0,2,14,1,0,0
 Feature Extraction ,0,9,0,0,0,1,67,0,1,0,0,0,268,0,0,0,0,0,0,105,9,1,17,15,0,4,0,1,0,0,3,0,0,4,0,0,0,2,0,1,0,0,1,0,12,1,0,6,0,1,1,1,0,4,1,1,0,0,1,4,26,2,0,6,0,0,0,2,18,5,42,1,1,6,0,42,0,5,45,14,0,0,21,0,6,0,11,152,0,0,0,0,45,0,0,0,0,0,6,0,0,1,0,34,0,0,0,12,1,22,0,0,0
 Expert System ,0,0,0,0,0,1,22,0,4,0,0,0,30,0,0,0,0,0,0,10,1,0,9,5,0,0,0,2,0,0,0,0,0,0,0,0,1,0,0,0,0,0,2,0,1,0,0,0,0,0,0,0,3,0,2,0,0,0,0,0,0,0,0,2,0,0,2,0,1,16,3,0,0,0,0,2,0,0,3,2,0,0,0,6,0,0,0,71,0,0,0,0,7,0,0,0,1,0,1,0,0,0,0,1,0,0,0,15,0,0,0,0,0
 Ensemble Modeling ,0,0,0,0,0,0,0,0,0,0,0,0,1,0,0,0,0,0,0,1,0,0,0,1,0,0,0,0,0,0,0,0,0,0,0,0,0,0,0,0,0,0,0,0,0,0,0,0,0,0,0,0,0,0,0,0,0,0,0,0,0,0,0,0,0,0,0,0,0,1,0,0,0,0,0,0,0,0,0,0,0,0,0,0,0,0,0,3,0,0,0,0,0,0,1,0,0,0,0,0,0,0,0,0,0,0,0,2,0,0,0,0,0
 Robotics ,0,0,1,1,0,12,34,0,10,0,2,0,72,0,2,0,0,0,0,16,4,0,24,0,0,12,0,6,0,0,4,0,0,0,6,0,0,0,4,0,11,0,0,1,144,5,0,9,0,3,2,1,35,2,0,1,0,2,1,8,9,7,0,2,2,0,0,0,1546,20,12,10,98,12,0,3,0,37,5,0,1,1,58,11,0,0,0,460,0,0,1,0,53,0,24,0,0,0,5,0,173,2,0,59,0,0,0,3,4,17,8,0,0
 AI ,1,17,7,0,1,18,145,18,84,2,36,7,516,17,5,9,2,0,0,179,37,27,103,85,0,52,0,61,12,0,27,0,0,3,5,1,7,13,39,5,2,1,11,87,138,19,0,19,0,4,8,4,75,15,4,1,0,7,7,41,110,30,3,27,1,6,12,4,861,98,148,28,69,27,0,44,0,48,141,35,18,7,148,152,71,3,460,0,0,2,1,1,265,12,12,0,13,0,64,0,88,6,2,187,2,0,0,179,3,101,16,5,8
 Text Generation ,0,0,0,0,0,0,0,2,0,0,4,0,0,0,0,0,0,0,0,0,0,0,0,0,0,0,0,0,0,0,0,0,0,0,0,0,0,0,0,0,0,0,0,0,0,0,0,0,0,0,0,0,0,0,0,0,0,0,0,0,2,0,0,0,0,0,0,0,0,0,0,0,0,0,0,0,0,0,0,0,0,0,0,0,0,0,0,0,0,0,0,0,0,0,0,0,0,0,0,0,0,0,0,0,0,0,0,0,0,0,0,0,0
 NRDBMS & NoSQL ,0,0,3,0,0,0,1,0,0,0,0,0,0,0,0,0,0,0,0,0,0,0,0,0,0,0,0,0,0,0,0,0,0,0,0,0,0,0,8,0,0,0,1,0,0,0,0,0,0,0,0,0,0,0,0,0,0,0,0,0,0,0,0,0,0,0,0,0,0,0,0,0,0,0,0,0,0,0,0,0,0,0,0,0,0,0,0,2,0,0,0,0,0,0,0,0,1,0,0,0,0,0,0,0,0,0,0,0,0,0,0,0,0
 Hardware Acceleration ,0,0,0,0,0,1,0,0,0,0,0,2,0,0,0,0,0,0,0,0,0,0,0,0,0,0,0,0,0,0,0,0,0,0,0,0,0,0,0,0,0,0,0,1,0,1,0,0,0,0,0,0,0,0,0,0,0,0,1,0,0,0,0,0,0,0,0,0,5,0,0,0,0,0,0,0,0,0,0,0,0,0,0,0,0,0,1,1,0,0,0,0,0,0,0,0,0,0,0,0,0,4,0,0,0,0,0,0,6,0,0,0,0
 Bayesian Machine Learning ,0,0,0,0,0,0,0,0,0,0,0,0,0,0,0,0,0,0,0,0,0,0,1,0,0,0,0,0,0,0,0,0,0,0,0,0,0,0,0,0,0,0,0,0,0,0,0,0,0,0,0,0,0,0,0,0,0,0,0,0,0,0,0,0,0,0,0,0,0,0,0,0,0,0,0,0,0,0,0,0,0,0,0,0,0,0,0,1,0,0,0,0,0,0,0,0,0,0,0,0,0,0,0,0,0,0,0,0,0,0,0,0,0
 Machine Learning ,0,7,4,0,0,4,81,3,6,1,3,1,383,4,0,7,0,0,0,206,56,9,121,34,0,2,0,30,0,0,10,0,0,2,0,0,3,7,4,3,0,1,1,17,2,3,0,9,0,1,2,2,15,3,3,4,0,1,2,6,7,6,4,8,0,2,0,8,59,23,55,6,8,6,0,19,0,0,48,11,9,4,17,45,7,0,53,265,0,0,0,0,0,0,0,0,8,1,25,0,3,0,1,31,2,0,0,77,1,8,0,6,1
 Quantum Computing ,0,0,0,0,0,4,1,0,0,0,0,0,3,0,0,0,0,0,0,2,0,0,0,0,0,0,0,0,0,0,0,0,0,0,0,0,0,0,3,0,0,0,0,0,0,0,0,0,0,0,0,0,1,0,0,0,0,0,0,0,0,1,0,0,0,0,0,0,0,0,0,3,0,0,0,0,0,0,1,0,0,0,0,0,0,0,0,12,0,0,0,0,0,0,0,0,0,0,0,0,0,0,0,0,0,0,0,1,1,0,0,0,0
 AUV ,0,0,0,0,0,2,0,0,1,0,0,0,5,0,1,0,0,0,0,0,0,0,0,0,0,1,0,0,0,0,0,0,0,0,0,0,0,0,2,0,0,0,0,0,0,1,0,0,0,0,0,0,3,0,0,1,0,0,0,0,0,2,0,0,0,0,0,0,27,2,0,0,0,0,0,0,0,6,0,0,0,0,0,0,0,1,24,12,0,0,0,0,0,0,0,0,0,0,0,0,2,0,0,5,0,0,0,0,0,0,0,0,0
 PaaS ,0,0,0,0,0,0,1,0,0,0,0,0,1,0,0,0,0,0,0,0,0,0,0,0,0,0,0,0,0,0,0,0,0,0,0,0,4,0,26,0,0,0,0,0,0,0,0,0,0,0,0,0,0,0,1,0,0,0,0,0,0,0,0,0,0,1,0,0,0,0,1,0,0,0,0,0,0,0,0,0,0,0,0,0,0,0,0,0,0,0,0,0,0,0,0,0,0,11,0,0,0,1,0,0,0,0,11,1,0,0,0,0,0
 Big Data ,0,1,13,0,0,0,10,0,0,0,0,1,12,0,0,0,0,0,0,7,2,0,5,1,1,0,0,1,0,0,0,0,0,0,0,0,2,0,18,0,0,0,2,4,0,0,0,0,0,2,0,0,0,0,2,0,1,0,6,0,0,1,0,0,1,9,0,0,0,0,0,1,0,0,2,2,0,0,5,1,0,0,0,0,1,0,0,13,0,1,0,0,8,0,0,0,0,0,0,0,0,2,0,0,0,0,0,12,0,2,0,0,0
 SaaS ,0,0,0,0,0,1,2,0,0,1,0,0,2,0,0,0,0,0,0,0,0,0,0,0,0,0,0,0,0,0,0,0,0,0,0,0,5,0,38,0,0,0,0,0,0,0,0,0,0,0,0,0,0,0,3,0,0,0,0,0,0,0,0,0,0,2,0,0,0,0,0,0,0,0,0,0,0,0,0,0,0,0,0,0,0,0,0,0,0,0,0,0,1,0,0,11,0,0,0,0,0,3,0,0,0,0,13,1,0,0,0,0,0
 Supervised Learning ,0,3,0,0,0,0,14,0,2,0,1,0,88,7,0,0,0,0,0,34,10,0,9,3,0,1,0,1,0,0,9,0,0,0,1,0,0,0,0,0,0,0,0,2,0,0,0,1,0,0,0,1,2,0,0,0,0,2,0,0,2,4,3,4,0,0,0,1,9,9,13,2,4,0,0,7,0,0,16,5,1,3,9,6,1,0,5,64,0,0,0,0,25,0,0,0,0,0,0,0,1,0,1,3,2,0,0,9,0,5,0,0,1
 Optical Computing ,0,0,0,0,0,0,0,0,0,0,0,0,0,0,0,0,0,0,0,0,0,0,0,0,0,0,0,0,0,0,0,0,0,0,0,0,0,0,0,0,0,0,0,0,0,0,0,0,0,0,0,1,0,0,0,0,0,0,0,0,1,0,0,0,0,0,0,0,0,0,1,0,0,0,0,0,0,0,0,0,0,0,1,0,0,0,0,0,0,0,0,0,0,0,0,0,0,0,0,0,0,1,0,0,0,0,0,0,0,0,0,0,0
 Manipulator ,0,0,0,0,0,1,1,0,0,0,0,0,7,0,0,0,0,0,0,0,0,0,1,5,0,0,0,0,0,0,0,0,0,0,0,0,0,0,0,0,0,0,0,0,10,1,0,0,0,0,0,0,7,0,0,0,0,0,0,0,0,2,0,1,0,0,0,0,400,17,0,5,14,0,0,0,0,1,1,0,0,0,0,0,0,0,173,88,0,0,0,0,3,0,2,0,0,0,1,0,0,0,0,2,0,0,0,0,0,0,0,0,0
 High Performance Computing ,0,0,3,1,0,10,4,0,2,0,0,24,5,0,0,0,0,0,0,0,0,0,2,0,0,0,0,0,0,0,0,0,0,0,0,0,4,0,19,0,0,0,1,0,0,0,0,0,0,1,0,0,0,0,16,3,1,0,9,0,0,5,0,0,3,9,0,0,2,6,2,1,0,0,1,0,0,0,4,0,0,0,0,1,0,0,2,6,0,0,4,0,0,0,0,1,2,3,0,1,0,0,0,1,0,0,5,2,26,0,0,0,0
 Boltzmann Machine ,0,0,0,0,0,0,0,0,0,0,0,0,1,0,0,0,0,0,0,0,0,0,0,0,0,0,0,0,0,0,1,0,0,0,0,0,0,0,0,0,0,0,0,0,0,0,0,0,0,0,0,0,0,0,0,0,0,0,0,1,0,0,0,0,0,0,0,0,0,0,0,0,0,0,0,0,0,0,0,0,0,0,0,0,0,0,0,2,0,0,0,0,1,0,0,0,0,0,1,0,0,0,0,0,0,0,0,0,0,0,0,0,0
 Computer Vision ,0,0,0,0,0,2,21,0,0,0,1,1,70,3,1,0,1,0,0,21,0,0,13,1,0,19,0,3,0,0,1,0,0,0,0,0,1,0,0,0,0,0,0,1,8,1,0,2,0,1,3,2,1,9,1,0,0,1,0,0,1,2,0,0,0,0,0,2,47,1,32,2,6,12,0,8,0,15,10,6,2,0,58,34,1,0,59,187,0,0,0,0,31,0,5,0,0,0,3,0,2,1,0,0,0,0,0,2,5,27,0,1,0
 Loss Functions ,0,1,1,0,0,0,0,0,0,0,0,0,6,0,0,0,0,0,0,1,0,0,2,0,0,0,0,0,0,0,0,0,0,0,0,0,0,0,0,0,0,0,0,0,0,0,0,0,0,0,0,0,1,0,0,0,0,0,0,0,1,0,0,0,0,0,0,0,0,0,1,0,0,0,0,0,0,0,0,2,2,0,1,0,0,0,0,2,0,0,0,0,2,0,0,0,0,0,2,0,0,0,0,0,0,0,0,0,0,0,0,0,1
 Data Science ,0,0,0,0,0,0,2,0,0,0,0,0,0,0,0,0,0,0,0,0,0,0,0,0,0,0,0,0,0,0,0,0,0,0,0,0,0,0,0,0,0,0,0,0,0,0,0,0,0,0,0,0,0,0,0,0,0,0,0,0,0,0,0,0,0,0,0,0,0,0,0,0,0,0,0,0,0,0,0,0,0,0,0,0,0,0,0,0,0,0,0,0,0,0,0,0,0,0,0,0,0,0,0,0,0,0,0,1,0,0,0,0,0
 IaaS ,0,0,4,0,0,1,0,0,0,0,0,2,1,0,0,0,0,0,0,0,0,0,0,0,0,0,0,0,0,0,0,0,0,0,0,0,6,0,56,0,0,0,0,0,0,0,0,0,0,0,0,0,0,0,3,0,0,0,0,0,0,0,0,0,0,17,0,0,0,0,0,0,0,0,0,0,0,0,1,0,0,0,0,0,0,0,0,0,0,0,0,0,0,0,0,11,0,13,0,0,0,5,0,0,0,0,0,0,0,0,0,0,0
 Data Mining ,0,1,11,0,0,4,95,0,7,1,1,1,159,1,0,4,0,0,0,48,12,3,49,22,0,0,0,6,1,0,2,0,0,0,0,0,4,2,12,1,0,0,7,14,0,1,0,2,0,2,0,0,1,0,3,0,0,0,3,1,0,1,1,4,0,2,1,1,2,19,14,4,0,1,0,14,1,0,88,2,1,1,0,12,15,2,3,179,0,0,0,0,77,1,0,1,12,1,9,0,0,2,0,2,0,1,0,0,1,2,0,3,0
 GPU ,0,0,0,0,0,1,1,0,0,0,0,10,6,0,0,0,0,0,0,0,0,0,0,1,0,0,0,0,0,0,0,0,0,0,0,0,1,0,1,0,0,0,0,0,2,0,0,1,0,0,0,0,0,0,0,1,0,0,4,0,0,0,0,0,0,0,0,0,1,0,0,0,0,0,0,0,0,0,2,2,0,0,2,1,0,0,4,3,0,0,6,0,1,1,0,0,0,0,0,0,0,26,0,5,0,0,0,1,0,2,0,0,0
 Image Segmentation ,0,2,0,0,0,2,21,0,0,0,0,0,86,1,0,0,0,0,0,28,3,0,8,2,0,1,0,1,0,0,1,0,0,0,0,0,0,0,0,0,1,0,0,1,1,2,0,1,0,2,1,1,0,2,0,1,0,2,0,0,1,2,1,0,0,0,0,0,8,3,5,1,2,0,0,3,0,1,38,12,0,0,14,22,0,0,17,101,0,0,0,0,8,0,0,0,2,0,5,0,0,0,0,27,0,0,0,2,2,0,0,0,0
 UGV ,0,0,0,0,0,0,0,0,0,0,0,0,2,0,0,0,0,0,0,0,0,0,0,0,0,0,0,0,0,0,0,0,0,0,0,0,0,0,0,0,0,0,0,0,6,1,0,0,0,1,0,0,0,0,0,0,0,0,0,0,0,0,0,0,0,0,0,0,12,4,0,0,0,0,0,0,0,8,0,0,0,0,1,0,0,0,8,16,0,0,0,0,0,0,0,0,0,0,0,0,0,0,0,0,0,0,0,0,0,0,0,0,0
 Entity Recognition ,0,0,0,0,0,0,1,2,0,0,1,0,2,0,0,0,0,0,0,0,0,0,0,0,0,0,0,8,0,0,0,0,0,0,0,0,0,1,0,0,0,0,0,4,0,0,0,0,0,0,0,0,0,0,0,0,0,0,0,0,2,0,0,0,0,0,0,0,0,0,1,0,0,0,0,0,0,0,1,0,0,0,0,0,0,0,0,5,0,0,0,0,6,0,0,0,0,0,0,0,0,0,0,1,0,0,0,3,0,0,0,0,0
 Loss Function ,0,1,0,0,0,0,0,0,0,0,0,0,3,2,0,0,0,0,0,0,0,0,1,0,0,0,0,0,0,0,1,0,0,0,0,0,0,0,0,0,0,0,0,0,0,0,0,0,0,0,0,0,0,0,0,0,0,0,0,1,2,0,0,0,0,0,0,2,0,0,1,0,0,0,0,0,0,0,0,0,0,0,0,0,0,0,0,8,0,0,0,0,1,0,0,0,0,0,1,0,0,0,0,0,1,0,0,0,0,0,0,0,0
